Disposition Year,Black No Plea to Lesser Charge,Black Plea to Lesser Charge,Black Total Guilty Pleas,Hispanic No Plea to Lesser Charge,Hispanic Plea to Lesser Charge,Hispanic Total Guilty Pleas,White No Plea to Lesser Charge,White Plea to Lesser Charge,White Total Guilty Pleas,Percent of Black defendants pleading to a lesser charge,Percent of Hispanic defendants pleading to a lesser charge,Percent of White defendants pleading to a lesser charge
2019,170,52,222,23,3,26,337,85,422,23.42342342,11.53846154,20.14218009
2020,109,52,161,13,2,15,179,45,224,32.29813665,13.33333333,20.08928571
2021,141,56,197,17,3,20,223,94,317,28.42639594,15,29.65299685
2022,146,39,185,20,11,31,269,79,348,21.08108108,35.48387097,22.70114943
2023,175,67,242,25,13,38,298,83,381,27.68595041,34.21052632,21.7847769
2024,157,55,212,26,10,36,311,82,393,25.94339623,27.77777778,20.86513995
2025,46,19,65,9,2,11,61,13,74,29.23076923,18.18181818,17.56756757
