Disposition Year,Black Cases Not Deferred,Black Cases Deferred,Black Total Cases Disposed,Hispanic Cases Not Deferred,Hispanic Cases Deferred,Hispanic Total Cases Disposed,White Cases Not Deferred,White Cases Deferred,White Total Cases Disposed,Percent of Black defendants receiving Stet,Percent of Hispanic defendants receiving Stet,Percent of White defendants receiving Stet
2019,1770,205,1975,255,51,306,3713,684,4397,10.37974684,16.66666667,15.55606095
2020,1090,94,1184,143,33,176,1947,351,2298,7.939189189,18.75,15.27415144
2021,1268,102,1370,173,34,207,2638,304,2942,7.445255474,16.42512077,10.33310673
2022,1130,136,1266,214,32,246,2440,443,2883,10.74249605,13.00813008,15.36593826
2023,1307,185,1492,254,46,300,2582,526,3108,12.39946381,15.33333333,16.92406692
