Disposition Year,Black Cases Not Deferred,Black Cases Deferred,Black Total Cases Disposed,Hispanic Cases Not Deferred,Hispanic Cases Deferred,Hispanic Total Cases Disposed,White Cases Not Deferred,White Cases Deferred,White Total Cases Disposed,Percent of Black defendants receiving Stet,Percent of Hispanic defendants receiving Stet,Percent of White defendants receiving Stet
2019,1448,185,1633,223,28,251,3157,398,3555,11.32884262,11.15537849,11.1954993
2020,909,103,1012,125,17,142,1679,239,1918,10.17786561,11.97183099,12.46089677
2021,1136,119,1255,167,25,192,2408,245,2653,9.482071713,13.02083333,9.234828496
2022,1063,114,1177,189,20,209,2371,241,2612,9.685641461,9.56937799,9.226646248
2023,1231,122,1353,203,28,231,2445,268,2713,9.016999261,12.12121212,9.878363435
2024,1121,112,1233,225,21,246,2381,245,2626,9.083536091,8.536585366,9.329779132
2025,314,29,343,65,3,68,605,55,660,8.454810496,4.411764706,8.333333333
