Disposition Year,Black Cases Not Deferred,Black Cases Deferred,Black Total Cases Disposed,Hispanic Cases Not Deferred,Hispanic Cases Deferred,Hispanic Total Cases Disposed,White Cases Not Deferred,White Cases Deferred,White Total Cases Disposed,Percent of Black defendants receiving Stet,Percent of Hispanic defendants receiving Stet,Percent of White defendants receiving Stet
2019,1737,238,1975,275,31,306,3919,478,4397,12.05063291,10.13071895,10.87104844
2020,1067,117,1184,158,18,176,2010,288,2298,9.881756757,10.22727273,12.53263708
2021,1233,137,1370,182,25,207,2669,273,2942,10,12.07729469,9.279401768
2022,1138,128,1266,222,24,246,2612,271,2883,10.11058452,9.756097561,9.399930628
2023,1335,157,1492,264,36,300,2773,335,3108,10.5227882,12,10.77863578
