Disposition Year,Black Cases Not Deferred,Black Cases Deferred,Black Total Cases Disposed,Hispanic Cases Not Deferred,Hispanic Cases Deferred,Hispanic Total Cases Disposed,White Cases Not Deferred,White Cases Deferred,White Total Cases Disposed,Percent of Black defendants receiving Stet,Percent of Hispanic defendants receiving Stet,Percent of White defendants receiving Stet
2019,1430,208,1638,226,29,255,3134,426,3560,12.6984127,11.37254902,11.96629213
2020,919,107,1026,125,18,143,1667,257,1924,10.4288499,12.58741259,13.35758836
2021,1114,130,1244,156,25,181,2288,262,2550,10.45016077,13.8121547,10.2745098
2022,1066,122,1188,187,22,209,2362,260,2622,10.26936027,10.52631579,9.916094584
2023,1336,153,1489,222,33,255,2683,315,2998,10.27535259,12.94117647,10.50700467
