Disposition Year,Black Cases Not Deferred,Black Cases Deferred,Black Total Cases Disposed,Hispanic Cases Not Deferred,Hispanic Cases Deferred,Hispanic Total Cases Disposed,White Cases Not Deferred,White Cases Deferred,White Total Cases Disposed,Percent of Black defendants receiving PBJ,Percent of Hispanic defendants receiving PBJ,Percent of White defendants receiving PBJ
2019,1452,181,1633,196,55,251,2914,641,3555,11.08389467,21.9123506,18.03094233
2020,923,89,1012,112,30,142,1578,340,1918,8.794466403,21.12676056,17.72679875
2021,1143,112,1255,152,40,192,2272,381,2653,8.924302789,20.83333333,14.36110064
2022,1037,140,1177,173,36,209,2130,482,2612,11.89464741,17.22488038,18.4532925
2023,1169,184,1353,184,47,231,2173,540,2713,13.59940872,20.34632035,19.90416513
2024,1066,167,1233,185,61,246,2118,508,2626,13.54420114,24.79674797,19.34501142
2025,299,44,343,49,19,68,552,108,660,12.82798834,27.94117647,16.36363636
