Disposition Year,Black Cases Not Deferred,Black Cases Deferred,Black Total Cases Disposed,Hispanic Cases Not Deferred,Hispanic Cases Deferred,Hispanic Total Cases Disposed,White Cases Not Deferred,White Cases Deferred,White Total Cases Disposed,Percent of Black defendants receiving PBJ,Percent of Hispanic defendants receiving PBJ,Percent of White defendants receiving PBJ
2019,1468,170,1638,209,46,255,2961,599,3560,10.37851038,18.03921569,16.8258427
2020,946,80,1026,113,30,143,1606,318,1924,7.797270955,20.97902098,16.52806653
2021,1147,97,1244,152,29,181,2270,280,2550,7.797427653,16.02209945,10.98039216
2022,1057,131,1188,177,32,209,2195,427,2622,11.02693603,15.31100478,16.28527841
2023,1312,177,1489,213,42,255,2499,499,2998,11.8871726,16.47058824,16.64442962
