FilingQuarter,Circuit Court Filed,Circuit Court Declined,Circuit Court Total,District Court Filed,District Court Declined,District Court Total,Percent of Circuit Court Referrals Declined,Percent of District Court Referrals Declined
2019,1473,89,1562,3763,1227,4990,5.697823303,24.58917836
2020,709,32,741,2177,997,3174,4.318488529,31.41146818
2021,890,53,943,2309,857,3166,5.620360551,27.0688566
2022,901,38,939,2710,998,3708,4.04685836,26.91477886
2023,1190,41,1231,2529,600,3129,3.330625508,19.17545542
