Disposition Year,Black Cases Not Deferred,Black Cases Deferred,Black Total Cases Disposed,Hispanic Cases Not Deferred,Hispanic Cases Deferred,Hispanic Total Cases Disposed,White Cases Not Deferred,White Cases Deferred,White Total Cases Disposed,Percent of Black defendants receiving Stet,Percent of Hispanic defendants receiving Stet,Percent of White defendants receiving Stet
2019,17350,907,18257,393,33,426,2941,209,3150,4.967957496,7.746478873,6.634920635
2020,8528,301,8829,242,18,260,1405,57,1462,3.409219617,6.923076923,3.89876881
2021,10880,408,11288,284,20,304,1541,67,1608,3.614457831,6.578947368,4.166666667
2022,9410,319,9729,303,19,322,1191,50,1241,3.278857025,5.900621118,4.029008864
2023,8848,269,9117,308,15,323,1164,32,1196,2.950531973,4.643962848,2.675585284
2024,6745,336,7081,208,17,225,885,53,938,4.745092501,7.555555556,5.650319829
