Disposition Year,Black Cases Not Deferred,Black Cases Deferred,Black Total Cases Disposed,Hispanic Cases Not Deferred,Hispanic Cases Deferred,Hispanic Total Cases Disposed,White Cases Not Deferred,White Cases Deferred,White Total Cases Disposed,Percent of Black defendants receiving PBJ,Percent of Hispanic defendants receiving PBJ,Percent of White defendants receiving PBJ
2019,17610,647,18257,409,17,426,3000,150,3150,3.543846196,3.990610329,4.761904762
2020,8641,188,8829,255,5,260,1426,36,1462,2.129346472,1.923076923,2.462380301
2021,11089,199,11288,287,17,304,1553,55,1608,1.762934089,5.592105263,3.42039801
2022,9545,184,9729,313,9,322,1209,32,1241,1.891252955,2.795031056,2.578565673
2023,8887,230,9117,309,14,323,1142,54,1196,2.52275968,4.334365325,4.515050167
2024,6865,216,7081,217,8,225,891,47,938,3.050416608,3.555555556,5.010660981
